--
-- PostgreSQL database dump
--

-- Dumped from database version 17.4
-- Dumped by pg_dump version 17.4

-- Started on 2025-05-27 00:35:40

SET statement_timeout = 0;
SET lock_timeout = 0;
SET idle_in_transaction_session_timeout = 0;
SET transaction_timeout = 0;
SET client_encoding = 'UTF8';
SET standard_conforming_strings = on;
SELECT pg_catalog.set_config('search_path', '', false);
SET check_function_bodies = false;
SET xmloption = content;
SET client_min_messages = warning;
SET row_security = off;

--
-- TOC entry 4882 (class 1262 OID 16498)
-- Name: aluno_online_p3b; Type: DATABASE; Schema: -; Owner: postgres
--

CREATE DATABASE aluno_online_p3b WITH TEMPLATE = template0 ENCODING = 'UTF8' LOCALE_PROVIDER = libc LOCALE = 'pt-BR';


ALTER DATABASE aluno_online_p3b OWNER TO postgres;

\connect aluno_online_p3b

SET statement_timeout = 0;
SET lock_timeout = 0;
SET idle_in_transaction_session_timeout = 0;
SET transaction_timeout = 0;
SET client_encoding = 'UTF8';
SET standard_conforming_strings = on;
SELECT pg_catalog.set_config('search_path', '', false);
SET check_function_bodies = false;
SET xmloption = content;
SET client_min_messages = warning;
SET row_security = off;

--
-- TOC entry 4 (class 2615 OID 2200)
-- Name: public; Type: SCHEMA; Schema: -; Owner: pg_database_owner
--

CREATE SCHEMA public;


ALTER SCHEMA public OWNER TO pg_database_owner;

--
-- TOC entry 4883 (class 0 OID 0)
-- Dependencies: 4
-- Name: SCHEMA public; Type: COMMENT; Schema: -; Owner: pg_database_owner
--

COMMENT ON SCHEMA public IS 'standard public schema';


SET default_tablespace = '';

SET default_table_access_method = heap;

--
-- TOC entry 217 (class 1259 OID 16499)
-- Name: aluno; Type: TABLE; Schema: public; Owner: postgres
--

CREATE TABLE public.aluno (
    id bigint NOT NULL,
    cpf character varying(255),
    email character varying(255),
    nome character varying(255)
);


ALTER TABLE public.aluno OWNER TO postgres;

--
-- TOC entry 218 (class 1259 OID 16506)
-- Name: aluno_seq; Type: SEQUENCE; Schema: public; Owner: postgres
--

CREATE SEQUENCE public.aluno_seq
    START WITH 1
    INCREMENT BY 50
    NO MINVALUE
    NO MAXVALUE
    CACHE 1;


ALTER SEQUENCE public.aluno_seq OWNER TO postgres;

--
-- TOC entry 222 (class 1259 OID 16516)
-- Name: disciplina; Type: TABLE; Schema: public; Owner: postgres
--

CREATE TABLE public.disciplina (
    id bigint NOT NULL,
    carga_horaria integer,
    nome character varying(255),
    professor_id bigint
);


ALTER TABLE public.disciplina OWNER TO postgres;

--
-- TOC entry 223 (class 1259 OID 16521)
-- Name: disciplina_seq; Type: SEQUENCE; Schema: public; Owner: postgres
--

CREATE SEQUENCE public.disciplina_seq
    START WITH 1
    INCREMENT BY 50
    NO MINVALUE
    NO MAXVALUE
    CACHE 1;


ALTER SEQUENCE public.disciplina_seq OWNER TO postgres;

--
-- TOC entry 225 (class 1259 OID 16551)
-- Name: matricula_aluno; Type: TABLE; Schema: public; Owner: postgres
--

CREATE TABLE public.matricula_aluno (
    id bigint NOT NULL,
    nota1 double precision,
    nota2 double precision,
    status character varying(255),
    aluno_id bigint,
    disciplina_id bigint,
    CONSTRAINT matricula_aluno_status_check CHECK (((status)::text = ANY ((ARRAY['MATRICULADO'::character varying, 'APROVADO'::character varying, 'REPROVADO'::character varying, 'TRANCADO'::character varying])::text[])))
);


ALTER TABLE public.matricula_aluno OWNER TO postgres;

--
-- TOC entry 224 (class 1259 OID 16550)
-- Name: matricula_aluno_id_seq; Type: SEQUENCE; Schema: public; Owner: postgres
--

ALTER TABLE public.matricula_aluno ALTER COLUMN id ADD GENERATED BY DEFAULT AS IDENTITY (
    SEQUENCE NAME public.matricula_aluno_id_seq
    START WITH 1
    INCREMENT BY 1
    NO MINVALUE
    NO MAXVALUE
    CACHE 1
);


--
-- TOC entry 220 (class 1259 OID 16508)
-- Name: professor; Type: TABLE; Schema: public; Owner: postgres
--

CREATE TABLE public.professor (
    id bigint NOT NULL,
    cpf character varying(255),
    email character varying(255),
    nome character varying(255)
);


ALTER TABLE public.professor OWNER TO postgres;

--
-- TOC entry 219 (class 1259 OID 16507)
-- Name: professor_id_seq; Type: SEQUENCE; Schema: public; Owner: postgres
--

ALTER TABLE public.professor ALTER COLUMN id ADD GENERATED BY DEFAULT AS IDENTITY (
    SEQUENCE NAME public.professor_id_seq
    START WITH 1
    INCREMENT BY 1
    NO MINVALUE
    NO MAXVALUE
    CACHE 1
);


--
-- TOC entry 221 (class 1259 OID 16515)
-- Name: professor_seq; Type: SEQUENCE; Schema: public; Owner: postgres
--

CREATE SEQUENCE public.professor_seq
    START WITH 1
    INCREMENT BY 50
    NO MINVALUE
    NO MAXVALUE
    CACHE 1;


ALTER SEQUENCE public.professor_seq OWNER TO postgres;

--
-- TOC entry 4868 (class 0 OID 16499)
-- Dependencies: 217
-- Data for Name: aluno; Type: TABLE DATA; Schema: public; Owner: postgres
--

INSERT INTO public.aluno VALUES (1, '123.123.123-12', 'mateus@gmail.com', 'Mateus');
INSERT INTO public.aluno VALUES (2, '123.125.143-12', 'jose@gmail.com', 'Jose');
INSERT INTO public.aluno VALUES (3, '111.111.111-11', 'mailson@gmail.com', 'Mailson');
INSERT INTO public.aluno VALUES (4, '172.516.221-81', 'Chyna_Rippin12@hotmail.com', 'Dr. Arlene Yost');
INSERT INTO public.aluno VALUES (5, '072.016.121-81', 'Kelly21@yahoo.com', 'Rose Smith-Thompson');
INSERT INTO public.aluno VALUES (6, '123.499.599-49', 'antonio@gmail.com', 'Antonio Junior');
INSERT INTO public.aluno VALUES (552, '242.132.001-21', 'Clair_Hammes99@hotmail.com', 'Terry Aufderhar');
INSERT INTO public.aluno VALUES (553, '321.131.032-11', 'Virginia86@yahoo.com', 'Rhonda Leffler');
INSERT INTO public.aluno VALUES (554, '477.231.632-91', 'Dewitt_Prohaska97@yahoo.com', 'Faith Keebler IV');
INSERT INTO public.aluno VALUES (555, '488.991.552-71', 'Fritz72@yahoo.com', 'Mattie Gutkowski');


--
-- TOC entry 4873 (class 0 OID 16516)
-- Dependencies: 222
-- Data for Name: disciplina; Type: TABLE DATA; Schema: public; Owner: postgres
--

INSERT INTO public.disciplina VALUES (1, 60, 'Backend Kelson', 1);
INSERT INTO public.disciplina VALUES (2, 40, 'Boas praticas', 3);
INSERT INTO public.disciplina VALUES (404, 50, 'teste disciplina', 5);
INSERT INTO public.disciplina VALUES (405, 30, 'Teste logica', 6);


--
-- TOC entry 4876 (class 0 OID 16551)
-- Dependencies: 225
-- Data for Name: matricula_aluno; Type: TABLE DATA; Schema: public; Owner: postgres
--

INSERT INTO public.matricula_aluno VALUES (3, NULL, NULL, 'TRANCADO', 3, 2);
INSERT INTO public.matricula_aluno VALUES (2, 7.5, 8, 'APROVADO', 3, 1);
INSERT INTO public.matricula_aluno VALUES (1, 7.5, 4, 'REPROVADO', 1, 2);
INSERT INTO public.matricula_aluno VALUES (4, 7.5, 9, 'APROVADO', 1, 1);
INSERT INTO public.matricula_aluno VALUES (6, 7.5, 10, 'APROVADO', 6, 404);
INSERT INTO public.matricula_aluno VALUES (7, NULL, NULL, 'MATRICULADO', 554, 404);


--
-- TOC entry 4871 (class 0 OID 16508)
-- Dependencies: 220
-- Data for Name: professor; Type: TABLE DATA; Schema: public; Owner: postgres
--

INSERT INTO public.professor VALUES (1, '222.123.312-51', 'davyson@gmail.com', 'Davyson');
INSERT INTO public.professor VALUES (2, '222.222.222-12', 'novoprofessor@gmail.com', 'novo nome professor');
INSERT INTO public.professor VALUES (3, '456.125.532-45', 'Kane.Franecki@gmail.com', 'Megan Daugherty');
INSERT INTO public.professor VALUES (4, '476.155.132-65', 'Aylin.Wiza@hotmail.com', 'Santiago Ullrich');
INSERT INTO public.professor VALUES (5, '156.155.142-65', 'Adonis_Miller@gmail.com', 'Ms. Olga Funk V');
INSERT INTO public.professor VALUES (6, '111.222.333-44', 'antonio@gmail.com', 'Antonio Junior');


--
-- TOC entry 4884 (class 0 OID 0)
-- Dependencies: 218
-- Name: aluno_seq; Type: SEQUENCE SET; Schema: public; Owner: postgres
--

SELECT pg_catalog.setval('public.aluno_seq', 601, true);


--
-- TOC entry 4885 (class 0 OID 0)
-- Dependencies: 223
-- Name: disciplina_seq; Type: SEQUENCE SET; Schema: public; Owner: postgres
--

SELECT pg_catalog.setval('public.disciplina_seq', 501, true);


--
-- TOC entry 4886 (class 0 OID 0)
-- Dependencies: 224
-- Name: matricula_aluno_id_seq; Type: SEQUENCE SET; Schema: public; Owner: postgres
--

SELECT pg_catalog.setval('public.matricula_aluno_id_seq', 7, true);


--
-- TOC entry 4887 (class 0 OID 0)
-- Dependencies: 219
-- Name: professor_id_seq; Type: SEQUENCE SET; Schema: public; Owner: postgres
--

SELECT pg_catalog.setval('public.professor_id_seq', 7, true);


--
-- TOC entry 4888 (class 0 OID 0)
-- Dependencies: 221
-- Name: professor_seq; Type: SEQUENCE SET; Schema: public; Owner: postgres
--

SELECT pg_catalog.setval('public.professor_seq', 251, true);


--
-- TOC entry 4713 (class 2606 OID 16505)
-- Name: aluno aluno_pkey; Type: CONSTRAINT; Schema: public; Owner: postgres
--

ALTER TABLE ONLY public.aluno
    ADD CONSTRAINT aluno_pkey PRIMARY KEY (id);


--
-- TOC entry 4717 (class 2606 OID 16520)
-- Name: disciplina disciplina_pkey; Type: CONSTRAINT; Schema: public; Owner: postgres
--

ALTER TABLE ONLY public.disciplina
    ADD CONSTRAINT disciplina_pkey PRIMARY KEY (id);


--
-- TOC entry 4719 (class 2606 OID 16556)
-- Name: matricula_aluno matricula_aluno_pkey; Type: CONSTRAINT; Schema: public; Owner: postgres
--

ALTER TABLE ONLY public.matricula_aluno
    ADD CONSTRAINT matricula_aluno_pkey PRIMARY KEY (id);


--
-- TOC entry 4715 (class 2606 OID 16514)
-- Name: professor professor_pkey; Type: CONSTRAINT; Schema: public; Owner: postgres
--

ALTER TABLE ONLY public.professor
    ADD CONSTRAINT professor_pkey PRIMARY KEY (id);


--
-- TOC entry 4721 (class 2606 OID 16562)
-- Name: matricula_aluno fk4mtt3iew11xcs5i7tshj7la9q; Type: FK CONSTRAINT; Schema: public; Owner: postgres
--

ALTER TABLE ONLY public.matricula_aluno
    ADD CONSTRAINT fk4mtt3iew11xcs5i7tshj7la9q FOREIGN KEY (disciplina_id) REFERENCES public.disciplina(id);


--
-- TOC entry 4722 (class 2606 OID 16557)
-- Name: matricula_aluno fkn1iea49e3kxfecd5e27i7lvak; Type: FK CONSTRAINT; Schema: public; Owner: postgres
--

ALTER TABLE ONLY public.matricula_aluno
    ADD CONSTRAINT fkn1iea49e3kxfecd5e27i7lvak FOREIGN KEY (aluno_id) REFERENCES public.aluno(id);


--
-- TOC entry 4720 (class 2606 OID 16522)
-- Name: disciplina fkoqie7f1kx32b1atco9fpgxd7g; Type: FK CONSTRAINT; Schema: public; Owner: postgres
--

ALTER TABLE ONLY public.disciplina
    ADD CONSTRAINT fkoqie7f1kx32b1atco9fpgxd7g FOREIGN KEY (professor_id) REFERENCES public.professor(id);


-- Completed on 2025-05-27 00:35:40

--
-- PostgreSQL database dump complete
--

